{"r8yEnouxFFCq15SzoQGH+g==":"mbr-800x532.jpg","Z1sU0LzQfOA4PwBgAbeoew==":"photo_2022-02-01_23-25-8-89x33.jpg","bFEBaKSeTYoLM4zosbT2uA==":"logo-241x241.png","B+i+2tSUYTXf+4CazRpuag==":"logo-1-241x241.png","L196Hpex1v7eznfw8eh+MQ==":"logo-160x160.png","OJNjGbBgShzuwLKNmnOeJg==":"photo_2022-02-01_23-25-8-160x60.jpg","C2bIdxl95oNry5gzguDzmw==":"name%20logo-426x159.png","nhYEdxYUBwrEnVe6Xe2gGQ==":"logo-1000x1000.png","rVnyxlIEZrKaWZviI1idAg==":"name%20logo-320x120.png","HzQkXcdZLlTpZ5eXqWKOAQ==":"name%20logo-258x97.png","Uy1Yb1MoWcVPlJSzTX2Tjg==":"mbr-1920x1280.jpg","9tA7pU5UrS1hAskOWrIE8Q==":"mbr-1920x1080.png"}